frame_index,target_id,bbox_left,bbox_top,bbox_width,bbox_height,score,object_category
3,1,850,720,166,127,0.9918532490730285,5
3,2,1871,1237,154,141,0.841986358165741,8
3,3,1822,484,85,77,0.9337870597839355,4
3,4,2040,346,88,59,0.9733949422836303,4
3,5,330,534,128,77,0.8363568186759949,4
3,6,2106,305,78,54,0.8398794531822205,4
3,7,76,1042,130,113,0.9477853298187255,8
3,8,1590,432,101,62,0.9085433006286621,4
3,9,619,1136,198,182,0.892906904220581,4
3,10,458,584,134,98,0.8251619935035706,4
3,11,1972,385,81,67,0.9485763430595398,4
3,12,1617,550,67,60,0.8043745279312133,7
3,13,1963,1120,259,145,0.8673705458641052,4
3,14,642,663,139,95,0.8566251397132874,4
3,15,554,470,91,66,0.7438209176063537,8
3,17,1120,866,191,112,0.9223549962043762,4
3,18,2175,266,73,58,0.7924541354179382,4
3,19,2310,848,25,54,0.7312525629997253,1
3,20,1654,1016,214,110,0.9656100988388061,4
3,21,1008,729,160,93,0.8784987330436707,4
3,22,295,399,113,61,0.922000241279602,4
3,24,1894,434,84,70,0.9270103096961975,4
3,25,804,518,95,69,0.7334987044334411,8
3,26,1661,656,37,47,0.7157487392425537,2
3,27,1170,1153,32,71,0.956640613079071,1
3,28,195,931,75,52,0.7549757480621337,10
3,29,2248,709,81,114,0.7120748877525329,8
3,30,186,880,88,63,0.7208999514579773,10
3,33,2282,1062,124,102,0.6784281253814697,2
3,34,534,495,82,70,0.7931689739227294,8
3,39,2333,839,28,60,0.7547140836715698,1
3,40,2231,227,67,55,0.797969651222229,4
3,48,2439,488,100,116,0.7183420181274414,0
3,49,2556,13,70,76,0.7397287011146545,6
3,50,1055,967,236,158,0.7618497729301452,5
3,51,1707,504,124,123,0.9471883296966552,6
3,58,1200,691,28,60,0.7015044212341308,1
3,64,2218,1234,42,74,0.7120705366134643,2
3,68,2506,751,30,58,0.6899948835372924,1
3,71,1373,547,28,39,0.6578246772289276,10
3,79,1466,754,32,46,0.7050682425498962,2
3,86,1390,693,34,47,0.6519366025924682,2
4,1,850,719,166,128,0.9990948557853698,5
4,2,1881,1240,155,142,0.9902919650077819,8
4,3,1821,483,85,77,0.9340778708457946,4
4,4,2040,345,88,59,0.9681549191474914,4
4,5,332,534,128,78,0.856623649597168,4
4,6,2106,304,78,55,0.8394678235054016,4
4,7,74,1041,132,115,0.9646788954734802,8
4,8,1590,431,100,62,0.9160995602607727,4
4,9,605,1147,197,180,0.9039455652236938,4
4,10,459,584,135,99,0.8188729286193848,4
4,11,1972,384,81,67,0.9521780729293823,4
4,12,1617,549,67,60,0.8122492551803588,7
4,13,1958,1118,259,144,0.8846003413200378,4
4,14,643,664,139,94,0.8489609360694885,4
4,17,1121,866,192,113,0.9173169136047363,4
4,18,2176,265,72,58,0.7841596722602844,4
4,20,1650,1016,215,110,0.8042008280754089,4
4,21,1013,731,163,94,0.8630356192588806,4
4,24,1894,433,84,70,0.9327029705047607,4
4,25,804,517,94,69,0.7105775594711303,8
4,26,1660,656,37,46,0.7007286071777343,2
4,27,1169,1151,32,71,0.9967462539672851,1
4,28,196,931,74,51,0.7530719757080078,10
4,29,2252,705,79,112,0.7215969085693359,8
4,31,1694,918,36,53,0.8626605987548828,2
4,33,2275,1056,121,100,0.8451737880706787,7
4,40,2231,226,67,55,0.775257122516632,4
4,41,1989,822,29,44,0.6834157824516296,2
4,43,2133,720,27,45,0.7097177624702453,2
4,49,2555,14,69,74,0.7514937043190002,6
4,50,1048,967,239,160,0.7629636049270629,5
4,51,1707,503,123,123,0.9480092048645019,6
4,58,1200,691,28,60,0.6802022576332092,1
4,68,2506,750,29,56,0.6842996299266815,1
4,71,1374,546,28,39,0.6547931849956512,2
4,79,1466,754,31,45,0.7099201798439025,2
4,86,1389,692,35,48,0.643099021911621,2
4,90,2647,0,40,30,0.6472185373306274,4
4,92,2628,22,45,37,0.7976649522781372,4
4,94,143,1221,46,56,0.6475353956222534,10
4,102,635,1468,45,43,0.6779777824878692,2
4,104,1046,1479,48,32,0.6765726029872894,2
4,105,1491,492,31,43,0.7365423560142517,10
4,107,1843,579,27,48,0.713587474822998,2
5,1,849,719,167,129,0.9939728498458862,5
5,2,1888,1243,158,144,0.8190683722496033,8
5,3,1821,483,85,78,0.9315168976783752,4
5,4,2039,345,89,61,0.9367899417877197,4
5,5,333,535,129,78,0.8485689163208008,4
5,6,2105,304,78,55,0.8300055861473083,4
5,7,73,1042,132,116,0.9570473551750183,8
5,8,1589,431,101,62,0.8948149800300598,4
5,10,461,585,135,98,0.8168333172798157,4
5,11,1972,385,81,66,0.9655719518661499,4
5,12,1616,548,69,62,0.823435616493225,7
5,13,1954,1117,255,143,0.8890347480773926,4
5,14,645,665,139,95,0.8891838788986206,4
5,15,529,476,98,70,0.6852010309696197,8
5,17,1123,867,191,113,0.901523768901825,4
5,18,2175,265,73,58,0.7786302089691162,4
5,19,2308,849,26,54,0.7504330396652221,1
5,20,1646,1015,215,111,0.8310382962226868,4
5,21,1018,733,166,96,0.8353198766708374,4
5,24,1894,434,83,70,0.9370557188987731,4
5,25,803,518,95,69,0.6887267053127288,8
5,26,1658,656,37,47,0.6794910550117492,2
5,28,195,932,75,52,0.7254589915275573,10
5,30,185,882,88,62,0.749233853816986,10
5,31,1687,915,35,53,0.8254059672355651,2
5,33,2265,1046,120,100,0.8088302135467529,7
5,35,1350,484,21,49,0.7635631084442138,1
5,39,2331,842,28,60,0.6688408374786377,1
5,40,2230,226,68,55,0.7381792187690734,4
5,41,1992,818,29,43,0.6888193607330322,2
5,43,2133,717,26,45,0.6500286281108856,2
5,48,2434,487,107,123,0.673161906003952,0
5,49,2555,18,67,71,0.6410900771617889,6
5,50,1040,969,244,162,0.7683900117874145,5
5,51,1707,504,123,122,0.9653610110282898,6
5,58,1199,693,28,58,0.6762116968631744,1
5,71,1374,544,28,40,0.6421897232532501,10
5,79,1466,754,31,45,0.7008592009544372,2
5,92,2625,23,46,38,0.8360872983932495,4
5,96,427,640,116,80,0.7010074377059936,7
5,97,20,611,148,108,0.7106273889541626,0
5,107,1843,581,24,45,0.7617002248764038,2
5,108,422,319,138,67,0.6693617224693298,0
5,111,1341,1422,39,65,0.7024851560592651,2
5,112,514,391,62,54,0.6494959115982055,7
5,113,1276,430,70,56,0.6513743817806243,0
5,115,1027,898,93,69,0.6638659060001373,7
5,116,1079,613,28,42,0.7421112179756164,2
5,118,1782,341,88,69,0.6583368599414825,5
5,120,438,1024,113,130,0.7250943303108215,4
5,121,1240,461,67,54,0.6502747356891632,0
6,1,849,720,167,129,0.9939730882644653,5
6,2,1898,1248,158,144,0.8541408777236938,8
6,3,1820,484,86,78,0.923520815372467,4
6,4,2038,346,89,61,0.9209861278533935,4
6,5,335,536,129,79,0.8187319040298462,4
6,6,2105,305,78,55,0.8412308692932129,4
6,7,71,1044,133,116,0.9477384209632873,8
6,8,1588,431,101,62,0.8670475602149963,4
6,9,571,1169,202,183,0.8855668306350708,4
6,10,464,586,133,97,0.960814607143402,4
6,11,1972,387,80,64,0.9710751295089721,4
6,12,1615,547,71,64,0.817495059967041,7
6,13,1947,1117,253,141,0.8604530096054077,4
6,14,646,666,140,95,0.87689208984375,4
6,17,1124,868,193,113,0.8803486824035645,4
6,18,2174,266,73,58,0.8172037720680236,4
6,20,1643,1015,215,111,0.8176034092903137,4
6,21,1023,735,168,98,0.9916889190673828,4
6,22,291,399,118,63,0.8816528439521789,4
6,24,1893,435,84,70,0.932082188129425,4
6,25,803,518,96,69,0.6629465639591217,8
6,27,1166,1150,33,74,0.8275715112686157,1
6,28,193,934,76,52,0.7057907104492187,10
6,30,181,880,93,65,0.7563706755638122,10
6,33,2259,1042,115,96,0.8093329787254333,7
6,35,1350,484,21,49,0.7483137965202331,1
6,39,2330,843,28,59,0.6473841786384582,1
6,40,2230,226,68,56,0.7034882426261901,4
6,50,1035,971,244,163,0.671173882484436,4
6,51,1706,505,123,122,0.9500600218772888,6
6,55,1366,1241,45,57,0.7487034320831298,2
6,79,1467,755,31,44,0.6874304831027984,2
6,90,2648,0,39,29,0.6464088082313537,4
6,92,2623,24,47,38,0.8748818159103393,4
6,96,434,643,111,77,0.6896140098571777,7
6,97,19,613,151,109,0.6471310973167419,0
6,105,1489,492,30,42,0.6479831159114837,10
6,107,1840,583,26,48,0.7122549533843994,2
6,108,415,317,147,71,0.6971815943717956,0
6,110,1684,490,35,42,0.6502258896827697,2
6,111,1342,1422,39,63,0.7105355978012085,2
6,112,516,393,59,52,0.6510631561279296,7
6,113,1276,431,69,55,0.6478777945041656,0
6,115,1030,899,94,70,0.6463885426521301,7
6,120,438,1025,113,130,0.8592401266098022,4
6,121,1241,461,69,55,0.6689241051673889,0
6,125,1340,780,34,52,0.833012056350708,2
6,129,800,483,48,42,0.655338180065155,10
6,131,1426,812,38,58,0.6939034879207611,2
7,1,849,721,167,128,0.9906267046928405,5
7,2,1906,1252,158,144,0.8290019035339355,8
7,3,1821,485,85,77,0.91669203042984,4
7,4,2038,347,89,60,0.9049912214279174,4
7,5,336,538,130,79,0.9977908253669738,4
7,6,2105,306,78,54,0.8406929969787598,4
7,7,73,1047,130,114,0.9236353158950805,8
7,8,1585,432,103,63,0.8258463263511657,4
7,9,553,1180,207,187,0.9374529123306274,4
7,10,465,587,133,96,0.989246380329132,4
7,11,1972,388,79,64,0.9838560938835144,4
7,12,1614,548,71,63,0.8251181960105896,7
7,13,1940,1117,252,140,0.813130795955658,4
7,14,647,667,140,96,0.8874695301055908,4
7,17,1126,869,193,114,0.8639615774154663,4
7,18,2174,267,73,57,0.8178499460220336,4
7,19,2306,851,27,56,0.7750070214271545,1
7,20,1640,1015,215,111,0.8202887177467346,4
7,21,1029,737,168,98,0.9640415430068969,4
7,22,291,400,118,63,0.8787744760513305,4
7,24,1893,435,84,70,0.9368809580802917,4
7,25,802,518,96,70,0.7022720694541931,8
7,27,1165,1149,33,75,0.8149775266647339,1
7,28,192,934,77,53,0.7180772542953491,10
7,30,180,880,94,66,0.7534944534301757,10
7,31,1666,914,36,52,0.7237966775894165,2
7,33,2252,1038,111,92,0.783575963973999,7
7,35,1351,484,21,48,0.7149441957473754,1
7,40,2229,226,69,57,0.6776707589626312,4
7,49,2551,20,67,71,0.6515989124774932,9
7,50,1030,974,243,163,0.709106695652008,4
7,51,1706,504,123,123,0.9753609418869018,6
7,55,1368,1248,44,55,0.7337922573089599,2
7,64,2239,1231,43,78,0.6523940980434417,2
7,79,1467,756,30,43,0.6922542572021484,2
7,90,2646,0,41,32,0.6552168250083923,4
7,96,432,645,113,77,0.7309190154075622,7
7,107,1839,587,26,47,0.638617318868637,2
7,112,515,393,60,52,0.6633536338806152,7
7,113,1273,431,72,57,0.6544184803962707,0
7,115,1032,901,94,70,0.6661234617233276,7
7,117,1774,462,33,42,0.6501032531261444,2
7,118,1782,355,73,58,0.687969696521759,5
7,120,437,1025,113,130,0.8022306680679321,4
7,121,1237,457,76,61,0.7042350888252258,0
7,125,1336,778,34,52,0.7494247078895568,2
7,129,801,484,47,41,0.6667942225933075,10
7,131,1424,811,37,56,0.6812889993190765,2
7,134,2319,689,54,54,0.6388627409934997,7
7,136,727,999,38,58,0.6688306748867034,2
7,141,676,996,66,60,0.6528436362743377,2
7,143,204,1114,94,121,0.8381078958511352,8
7,144,696,545,31,47,0.6564562439918518,2
8,1,849,721,167,129,0.9912362813949585,5
8,2,1917,1256,157,143,0.887585461139679,8
8,3,1820,485,86,78,0.9050410509109497,4
8,4,2036,347,90,60,0.8934390068054199,4
8,5,338,539,130,78,0.9744818329811096,4
8,6,2105,306,77,55,0.841686487197876,4
8,7,73,1047,130,114,0.9543404698371887,8
8,8,1587,433,101,61,0.8348525285720825,4
8,9,537,1192,208,188,0.8645433187484741,4
8,10,465,588,135,97,0.9404269576072692,4
8,11,1972,389,78,64,0.9877926230430603,4
8,12,1614,549,71,64,0.8273645162582397,7
8,13,1933,1115,255,142,0.8176968097686768,4
8,14,648,668,140,96,0.8990221619606018,4
8,15,503,488,94,67,0.7959935784339904,8
8,17,1127,870,194,114,0.8508940935134888,4
8,18,2174,267,73,58,0.8566768288612365,4
8,20,1638,1015,214,110,0.8208317160606384,4
8,21,1036,740,166,98,0.9957475781440734,4
8,22,291,402,117,62,0.8656349301338195,4
8,24,1892,435,85,71,0.9316130399703979,4
8,25,802,519,96,69,0.7063030123710632,8
8,27,1163,1148,34,74,0.982870590686798,1
8,28,191,933,77,53,0.7318233370780944,10
8,30,180,881,92,64,0.7623620748519897,10
8,31,1658,911,36,53,0.756063175201416,2
8,33,2242,1028,113,94,0.8732512712478637,7
8,35,1351,484,21,49,0.7066621303558349,1
8,40,2229,227,69,56,0.6653207659721374,5
8,43,2135,694,25,43,0.7644838213920593,2
8,50,1024,977,242,162,0.8433470845222473,4
8,51,1705,504,124,124,0.9922965884208679,6
8,79,1466,757,31,43,0.7041871070861816,2
8,89,691,1408,42,83,0.931083869934082,1
8,90,2644,0,43,33,0.6707488715648651,4
8,92,2620,28,46,38,0.9152720093727111,4
8,94,142,1223,43,53,0.6447153806686401,10
8,96,435,648,111,75,0.681812983751297,7
8,108,412,323,137,67,0.676472407579422,0
8,111,1342,1422,38,63,0.6925413131713867,2
8,115,1033,901,95,71,0.6805142283439636,7
8,120,436,1025,114,131,0.8720665693283081,4
8,121,1236,456,75,61,0.673924845457077,0
8,125,1332,777,33,51,0.6630666971206665,2
8,127,258,495,97,73,0.8065936684608459,4
8,129,801,484,45,40,0.6598928391933441,10
8,136,728,999,38,58,0.6547329246997833,2
8,141,675,995,67,61,0.6490009546279907,2
8,143,203,1114,95,122,0.7442944169044494,8
8,146,1872,263,68,34,0.6509052336215972,4
8,149,891,598,52,43,0.6790741205215454,10
8,153,2242,920,34,58,0.7107077956199646,2
8,154,1083,491,41,33,0.6883711636066436,10
9,1,849,722,167,129,0.9914634346961975,5
9,2,1927,1260,157,143,0.8891627788543701,8
9,3,1820,485,86,78,0.8979663968086242,4
9,4,2036,347,90,61,0.8774635314941406,4
9,5,339,540,131,79,0.9440237402915954,4
9,6,2104,306,78,55,0.8280882239341736,4
9,7,74,1048,129,113,0.9225616574287414,8
9,8,1587,433,101,62,0.8159301400184631,4
9,9,520,1203,211,189,0.932280421257019,4
9,10,467,589,136,98,0.9150778174400329,4
9,11,1971,389,79,64,0.9939138412475585,4
9,12,1614,550,70,63,0.8149688363075256,7
9,13,1925,1113,260,144,0.977938961982727,4
9,14,649,669,142,97,0.8800099492073059,4
9,17,1131,871,193,114,0.8252180814743042,4
9,18,2173,267,73,58,0.8855679750442504,4
9,20,1633,1015,214,110,0.9844631671905517,4
9,21,1043,744,165,97,0.8257279992103577,4
9,22,290,402,118,62,0.8783276200294494,4
9,24,1892,435,84,71,0.9256884574890136,4
9,25,803,519,95,69,0.7009589791297912,8
9,26,1639,664,38,45,0.6934559762477874,2
9,27,1162,1147,33,73,0.9348332405090332,1
9,28,191,934,77,53,0.7213381648063659,10
9,30,181,880,91,64,0.7555925965309143,10
9,33,2235,1021,110,92,0.810729157924652,7
9,35,1352,484,21,48,0.6382219910621643,1
9,40,2228,227,70,57,0.6648263454437255,4
9,42,2044,1427,95,77,0.8321535110473632,10
9,43,2135,687,27,47,0.6714458584785461,2
9,48,2433,485,112,129,0.6555336833000183,0
9,50,1019,980,242,163,0.8368095278739929,4
9,51,1704,505,125,123,0.9712950110435485,6
9,52,1489,584,34,49,0.7498988628387451,2
9,79,1466,757,31,44,0.7006988048553466,2
9,89,690,1408,44,84,0.9107942700386047,1
9,90,2644,0,43,33,0.6672136306762695,4
9,92,2618,29,47,39,0.9135709524154663,4
9,96,434,648,115,78,0.7273236632347106,8
9,99,1049,890,48,60,0.6482965171337127,2
9,112,514,394,61,52,0.6636685848236084,7
9,115,1036,903,94,70,0.6469507038593292,7
9,118,1779,354,74,59,0.6316564202308654,5
9,120,436,1026,114,130,0.9069234251976013,4
9,121,1234,455,76,61,0.6438404738903045,0
9,127,259,496,96,74,0.8358129382133483,4
9,136,728,999,38,57,0.6420153796672821,2
9,142,1838,718,28,45,0.7708038806915283,2
9,143,203,1114,94,122,0.6675142168998718,8
9,149,888,600,50,41,0.6662730395793914,10
9,153,2244,921,33,57,0.7799691677093505,2
9,154,1082,491,42,33,0.701159131526947,10
9,155,1436,505,22,50,0.7289568901062011,1
9,159,1573,1107,53,110,0.6614273905754089,2
10,1,849,722,167,129,0.9859387397766113,5
10,2,1936,1264,157,143,0.8154128789901733,8
10,3,1819,485,86,79,0.8922184228897094,4
10,4,2035,347,91,61,0.8734111309051513,4
10,5,341,541,131,79,0.9259525656700134,4
10,6,2103,306,78,55,0.8188531994819641,4
10,7,76,1050,125,110,0.9093045115470886,8
10,8,1587,434,100,62,0.8158797740936279,4
10,9,502,1215,214,190,0.884219765663147,4
10,10,470,590,135,97,0.8412909626960754,4
10,11,1970,389,80,65,0.8035509586334229,4
10,12,1615,552,69,62,0.8292977333068847,7
10,13,1921,1111,258,144,0.9060223817825317,4
10,14,650,671,142,97,0.8676329255104065,4
10,17,1133,872,194,114,0.8326686024665833,4
10,18,2173,268,73,57,0.8929796934127807,4
10,20,1630,1015,214,110,0.932339322566986,4
10,21,1050,746,164,97,0.8227568864822388,4
10,22,291,402,118,63,0.8798027753829956,4
10,24,1891,435,85,71,0.9245913743972778,4
10,25,802,519,94,69,0.6828922748565673,8
10,27,1161,1146,32,71,0.8581040024757385,1
10,28,190,934,77,53,0.7241402983665466,10
10,30,182,882,88,62,0.7453380942344665,10
10,31,1639,903,34,51,0.746122133731842,2
10,33,2228,1017,107,89,0.7870202779769897,7
10,40,2227,227,70,57,0.6789761900901794,4
10,42,2052,1433,93,74,0.8592519283294677,10
10,43,2135,683,28,48,0.6427933394908905,1
10,49,2544,28,63,68,0.6379890859127044,9
10,50,1012,983,243,163,0.8264653205871582,4
10,51,1704,505,124,124,0.9364181280136108,6
10,64,2239,1227,44,79,0.657139641046524,2
10,79,1465,758,31,44,0.703229796886444,2
10,88,1605,1051,52,76,0.6537791013717651,10
10,89,690,1407,44,84,0.9464348673820495,1
10,90,2642,0,45,34,0.6370476305484771,4
10,92,2616,30,46,38,0.8095330715179443,4
10,94,135,1224,50,61,0.6656971096992492,10
10,114,754,551,42,47,0.6961999058723449,2
10,115,1041,906,91,68,0.6701399803161621,7
10,120,435,1026,114,131,0.9374961972236633,4
10,125,1319,773,34,53,0.729861032962799,2
10,127,259,497,96,74,0.796145749092102,4
10,129,790,491,45,39,0.6532070159912109,10
10,131,1406,811,35,54,0.6789075255393981,2
10,138,1415,1454,46,53,0.6719328582286834,2
10,142,1844,718,29,45,0.6831842184066772,2
10,153,2246,923,32,55,0.7775392055511474,2
10,154,1081,491,43,34,0.7049348473548889,10
10,155,1436,505,22,52,0.744273555278778,1
10,159,1572,1111,54,111,0.6333596527576446,2
10,163,1021,575,26,54,0.7901656150817871,1
10,165,1171,696,24,61,0.7765255093574523,1
10,166,494,859,30,60,0.6895926713943481,2
11,1,849,723,167,128,0.9834862470626831,5
11,2,1945,1269,158,143,0.8199060559272766,8
11,3,1819,485,86,79,0.8899176239967346,4
11,4,2035,347,90,62,0.8640113592147827,4
11,5,344,542,130,78,0.8858419179916381,4
11,6,2103,306,78,55,0.8154091238975525,4
11,7,80,1052,122,107,0.864162278175354,8
11,8,1586,434,102,63,0.7914577841758728,4
11,10,471,591,137,98,0.8755119562149047,4
11,11,1970,389,80,65,0.8218843340873718,4
11,12,1615,553,69,61,0.8237022876739502,7
11,13,1918,1111,253,140,0.9542325258255004,4
11,14,652,672,141,97,0.8502104878425598,4
11,15,491,484,89,63,0.7038830041885376,8
11,17,1136,873,193,114,0.84369957447052,4
11,18,2172,267,74,59,0.8752181649208068,4
11,20,1625,1014,216,111,0.986113679409027,4
11,21,1054,748,168,98,0.8232753872871399,4
11,22,291,403,119,62,0.8708030104637146,4
11,24,1891,435,85,71,0.925460410118103,4
11,25,801,519,95,69,0.6816404283046722,8
11,27,1160,1144,31,70,0.7408781170845031,1
11,28,189,934,78,54,0.7251718163490295,10
11,29,2247,712,80,112,0.632083249092102,8
11,30,183,884,86,61,0.7345844626426696,10
11,31,1631,899,34,50,0.9120825052261352,2
11,33,2219,1010,108,90,0.8135648488998413,7
11,36,1654,1232,48,64,0.8446607112884521,2
11,40,2227,227,70,57,0.6542469680309295,4
11,42,2064,1438,89,72,0.7819903016090393,10
11,45,846,606,35,40,0.7343012809753418,2
11,50,1006,984,244,165,0.8070086359977722,4
11,51,1703,505,126,124,0.937843632698059,6
11,55,1395,1260,48,61,0.6772978127002716,2
11,58,1190,700,30,65,0.631253433227539,1
11,79,1465,758,31,44,0.7082982778549194,2
11,89,692,1406,43,84,0.9605897188186645,1
11,90,2640,0,47,35,0.6485100209712982,4
11,92,2614,30,47,39,0.7944536924362182,4
11,94,136,1225,50,60,0.675336730480194,10
11,96,436,651,115,77,0.7299584865570068,7
11,108,398,327,148,71,0.6738016724586486,0
11,118,1777,359,69,54,0.6297605454921722,5
11,120,434,1027,115,131,0.9473073005676269,4
11,125,1314,771,34,52,0.7658308863639831,2
11,127,260,497,96,74,0.8383795142173767,4
11,131,1401,811,34,51,0.7667310953140258,2
11,138,1419,1453,44,52,0.7022268891334533,2
11,144,674,542,29,45,0.643383365869522,2
11,155,1435,505,23,53,0.75802583694458,1
11,159,1572,1114,54,111,0.6408815801143646,2
11,163,1021,575,26,55,0.8068803668022155,1
11,165,1170,698,24,61,0.7094339251518249,1
11,169,236,418,82,63,0.6957386553287506,4
12,1,849,723,167,129,0.977763545513153,5
12,2,1953,1274,162,146,0.8185388445854187,8
12,3,1820,486,85,79,0.8920806765556335,4
12,4,2034,348,91,61,0.8429605484008789,4
12,5,346,544,130,78,0.8729026436805725,4
12,6,2103,306,77,56,0.8050195574760437,4
12,7,77,1049,126,111,0.9093989253044128,8
12,8,1586,435,102,62,0.79595388174057,4
12,9,464,1239,221,193,0.9262049794197083,4
12,10,474,593,135,97,0.9224937677383422,4
12,11,1970,390,80,65,0.8306859731674194,4
12,12,1615,554,68,60,0.8037776470184326,7
12,13,1914,1110,253,140,0.8060888648033142,4
12,14,653,674,142,96,0.8369759917259216,4
12,15,487,484,89,64,0.790538203716278,8
12,17,1139,875,193,114,0.8503546714782715,4
12,18,2172,268,74,58,0.8932816505432128,4
12,19,2304,855,29,58,0.7424540042877197,1
12,20,1621,1013,217,112,0.8030861616134644,4
12,21,1061,751,167,98,0.860954761505127,4
12,22,291,403,119,62,0.8749272346496582,4
12,24,1891,436,84,70,0.9334381937980651,4
12,25,801,520,94,69,0.669030737876892,8
12,27,1159,1143,31,68,0.679205846786499,1
12,30,184,886,86,60,0.7251922607421875,10
12,33,2209,1001,110,92,0.8305165290832519,7
12,40,2227,227,71,58,0.6749799966812133,4
12,48,2433,486,110,128,0.6350145757198333,0
12,50,1000,986,244,165,0.9094168066978454,4
12,51,1703,505,125,124,0.8824771761894226,6
12,53,1269,1430,52,74,0.701590609550476,2
12,79,1465,758,31,45,0.7212348699569702,2
12,96,436,653,117,77,0.6488506019115448,1
12,111,1337,1424,45,74,0.629179161787033,2
12,120,434,1027,114,131,0.9212247252464294,4
12,124,576,683,72,82,0.6247806668281555,7
12,125,1310,770,33,52,0.7774040222167968,2
12,127,262,499,94,72,0.8752451062202453,4
12,131,1398,810,33,50,0.7848559141159057,2
12,138,1420,1451,44,53,0.7557698011398315,2
12,149,866,595,52,43,0.6377208650112152,10
12,153,2248,927,33,57,0.7492780208587646,2
12,155,1435,505,22,53,0.7545631051063537,1
12,163,1023,576,25,52,0.8373132467269897,1
12,166,493,857,32,64,0.7103305578231811,2
12,169,234,418,80,61,0.6589301943778991,8
13,1,850,724,166,128,0.968679141998291,5
13,2,1962,1277,163,148,0.9855039238929748,8
13,3,1820,486,85,79,0.8972306966781616,4
13,4,2035,349,89,60,0.8505196094512939,4
13,5,347,545,130,79,0.9005535364151,4
13,6,2103,307,77,55,0.9888059020042419,4
13,7,78,1048,126,112,0.8840766072273254,8
13,8,1584,435,105,64,0.7846263170242309,4
13,9,445,1251,223,194,0.8583720326423645,4
13,10,475,594,134,96,0.8920336484909057,4
13,11,1969,390,81,65,0.8428218960762024,4
13,12,1615,555,68,59,0.8093387603759765,7
13,13,1907,1108,258,143,0.8404924273490906,4
13,14,654,674,142,97,0.8237910866737366,4
13,17,1142,876,193,115,0.8514642119407654,4
13,18,2172,269,73,58,0.9150558829307556,4
13,19,2304,855,28,58,0.7481009483337402,1
13,20,1618,1013,215,111,0.996910285949707,4
13,21,1066,752,170,100,0.8773020505905151,4
13,22,291,404,118,61,0.8708805561065673,4
13,23,186,1382,50,80,0.8511075496673584,2
13,24,1891,437,84,69,0.9412957549095153,4
13,25,801,521,93,67,0.6730342328548431,8
13,27,1158,1142,31,69,0.6366788566112518,1
13,28,193,941,72,49,0.7565162897109985,10
13,30,183,886,88,62,0.7364224910736084,10
13,33,2203,995,107,90,0.8763451099395752,7
13,40,2227,228,70,58,0.6483793079853057,4
13,41,2016,792,29,43,0.7361567139625549,2
13,42,2091,1449,76,61,0.6730646312236785,10
13,50,994,988,243,165,0.7866944789886474,4
13,51,1703,506,125,124,0.861958634853363,6
13,53,1269,1431,51,74,0.6974028468132019,2
13,55,1403,1273,42,55,0.6982152581214904,2
13,79,1464,758,31,44,0.7312618017196655,2
13,92,2608,31,50,42,0.6346748292446136,4
13,111,1337,1423,49,83,0.6365846514701843,2
13,120,434,1028,114,130,0.9735061645507812,4
13,125,1308,772,32,50,0.7408365130424499,2
13,127,264,500,94,72,0.884359073638916,4
13,131,1395,808,33,50,0.7440895557403564,2
13,136,726,996,38,60,0.6769260585308075,2
13,166,494,857,32,65,0.7453738570213317,2
13,169,236,417,77,60,0.6857546687126159,4
13,174,2489,34,16,25,0.6641506373882293,10
13,177,660,1446,45,65,0.7558105707168579,1
14,1,850,724,166,128,0.9711674571037292,5
14,2,1973,1281,164,148,0.8257612586021423,8
14,3,1820,487,85,78,0.8876729726791381,4
14,4,2036,349,88,60,0.8488984823226928,4
14,5,348,546,131,79,0.9135138511657714,4
14,6,2103,307,76,54,0.989941132068634,4
14,7,80,1048,123,110,0.8747846007347106,8
14,8,1583,436,106,65,0.7978861451148986,4
14,9,425,1264,226,194,0.9231879711151123,4
14,10,475,595,135,96,0.9186779379844665,4
14,11,1969,390,81,65,0.8460381627082825,4
14,12,1615,555,68,60,0.8191521883010864,7
14,13,1903,1106,254,141,0.8673418760299683,4
14,14,655,675,142,97,0.805813729763031,4
14,17,1144,876,194,116,0.8524920344352722,4
14,18,2171,269,74,58,0.9232248783111572,4
14,19,2304,856,29,58,0.7570733547210693,1
14,20,1614,1012,214,111,0.9857996225357055,4
14,21,1073,755,168,100,0.8666805624961853,4
14,22,291,404,118,62,0.8760933399200439,4
14,23,172,1392,47,75,0.8928002834320068,2
14,24,1891,437,84,70,0.9434108257293701,4
14,25,801,521,93,67,0.691566002368927,8
14,28,192,942,72,48,0.7772061944007873,10
14,30,183,887,88,62,0.7550108551979064,10
14,31,1605,889,36,52,0.8625306010246276,2
14,33,2193,987,110,92,0.8163867115974426,7
14,40,2227,228,70,58,0.6490901827812194,4
14,41,2019,790,27,40,0.7371935367584228,2
14,49,2533,31,65,69,0.6825481474399566,6
14,50,988,990,244,166,0.8066442728042602,4
14,51,1702,505,126,125,0.8849368810653686,6
14,53,1269,1432,50,72,0.6782397449016571,2
14,55,1409,1278,41,54,0.6292546212673187,2
14,79,1464,758,31,44,0.7394156575202941,2
14,115,1043,907,96,74,0.6509397745132446,2
14,120,433,1028,114,131,0.8040974140167236,4
14,124,580,683,74,85,0.6385683238506317,7
14,127,266,501,92,71,0.8867768168449401,4
14,141,674,990,71,68,0.6504429399967193,2
14,142,1877,697,27,42,0.6564006626605987,2
14,147,1672,1254,62,56,0.7209465026855468,2
14,163,1024,576,25,51,0.8763387322425842,1
14,166,495,857,33,65,0.6956461191177368,2
14,169,230,417,78,60,0.7027199983596801,4
14,185,1077,850,37,69,0.6378017485141754,1
14,186,556,812,30,55,0.7488810539245605,2
14,187,159,1405,82,92,0.6371260106563568,10
15,1,850,725,166,128,0.983746600151062,5
15,2,1981,1284,170,153,0.8297930359840393,8
15,3,1820,487,84,79,0.8922760009765625,4
15,4,2036,349,88,60,0.8492695808410644,4
15,5,349,547,131,79,0.929358434677124,4
15,6,2103,307,75,55,0.9881293892860412,4
15,7,80,1050,121,108,0.8979802250862121,8
15,8,1580,437,107,66,0.808887493610382,4
15,9,404,1277,229,196,0.8821662664413452,4
15,10,477,597,133,94,0.9178743481636047,4
15,11,1968,390,82,65,0.8465369939804077,4
15,12,1614,555,69,60,0.8136295795440673,7
15,13,1900,1105,251,139,0.8797630667686462,4
15,14,657,677,140,96,0.9856034636497497,4
15,17,1146,878,195,116,0.8594979047775269,4
15,18,2171,269,74,58,0.9370445132255554,4
15,20,1612,1012,211,109,0.9720906734466552,4
15,21,1079,758,168,99,0.8250869512557983,4
15,22,290,405,119,62,0.8703494191169738,4
15,23,159,1401,48,77,0.8990633010864257,2
15,24,1891,437,84,70,0.9416440248489379,4
15,25,800,521,94,66,0.6896019995212554,8
15,28,191,942,73,49,0.7841863751411438,10
15,30,183,887,87,62,0.7565974712371826,10
15,34,561,475,79,63,0.9120068073272705,4
15,40,2227,228,70,58,0.678749930858612,4
15,41,2021,786,27,39,0.7270387530326843,2
15,45,817,602,35,40,0.6869212508201599,2
15,49,2528,28,70,74,0.680873018503189,6
15,50,979,992,247,168,0.7792651176452636,4
15,51,1702,505,126,125,0.9493817806243896,6
15,53,1270,1432,49,72,0.6739117324352264,2
15,64,2244,1215,41,77,0.7161129236221313,2
15,79,1464,758,31,44,0.7478869080543518,2
15,96,443,658,119,77,0.6447417557239532,1
15,112,510,394,63,55,0.6293175637722015,7
15,114,732,551,38,42,0.6446492195129394,2
15,120,433,1028,114,131,0.8409318923950195,4
15,127,265,501,94,72,0.956132423877716,4
15,133,1986,695,27,40,0.7656943321228027,2
15,139,1915,391,45,44,0.6295462369918823,7
15,141,674,991,71,68,0.6533734917640686,2
15,152,397,370,67,51,0.638639223575592,0
15,159,1574,1144,45,94,0.7025956034660339,2
15,163,1025,576,24,50,0.8159581542015075,1
15,166,495,857,32,64,0.6952317476272583,1
15,169,221,415,84,65,0.6917459487915039,4
15,176,1462,605,43,45,0.6431737065315246,2
15,185,1078,852,37,68,0.6685225784778595,2
15,186,554,811,31,55,0.6603467285633087,2
15,191,1778,341,92,70,0.6782587587833404,6
15,193,637,769,45,58,0.6792992174625396,10
15,194,2036,291,54,51,0.6677710533142089,8
15,195,1397,1456,45,55,0.6735617935657501,2
15,196,380,759,106,69,0.6575551152229309,7
15,198,102,1158,43,63,0.6485189616680145,1
15,199,2356,82,56,44,0.6244049191474914,5
16,1,850,726,165,127,0.985326063632965,5
16,3,1819,487,85,79,0.8972810626029968,4
16,4,2036,350,88,59,0.8428833603858947,4
16,5,350,547,131,80,0.9498165369033813,4
16,6,2103,307,75,55,0.8040699362754822,4
16,7,80,1052,120,107,0.8990077495574951,8
16,8,1580,437,106,66,0.7981789827346801,4
16,9,381,1288,235,199,0.9060869216918945,4
16,10,477,598,134,95,0.9148538827896118,4
16,11,1968,390,81,65,0.8512388467788696,4
16,12,1614,555,68,60,0.8145446896553039,7
16,13,1897,1105,248,136,0.8734979629516602,4
16,14,658,677,141,97,0.9834643125534057,4
16,17,1148,879,195,116,0.8618819713592529,4
16,18,2171,270,74,58,0.9650734782218933,4
16,19,2305,857,29,58,0.6925810396671295,1
16,20,1606,1011,212,110,0.8100210428237915,4
16,21,1084,759,170,101,0.9856073379516601,4
16,22,289,405,119,62,0.8872475147247314,4
16,23,143,1409,50,80,0.916217041015625,2
16,24,1891,437,84,70,0.9392398715019226,4
16,25,799,520,95,67,0.7234702229499816,8
16,28,190,942,74,49,0.792287540435791,10
16,30,182,888,87,61,0.7869618654251098,10
16,33,2177,971,108,92,0.7572960972785949,7
16,34,561,475,80,64,0.8916200518608093,4
16,40,2226,228,70,58,0.6835292696952819,4
16,41,2023,782,27,41,0.6774401783943176,2
16,49,2526,29,69,74,0.7227770209312439,6
16,50,972,994,248,170,0.8100761294364929,4
16,51,1701,505,126,126,0.988766324520111,6
16,53,1270,1432,49,72,0.67938272356987,2
16,64,2244,1212,41,78,0.6985654354095459,2
16,79,1464,758,31,43,0.7582286715507507,2
16,89,695,1404,38,78,0.9354829311370849,1
16,96,446,659,121,78,0.6640963077545166,7
16,107,1817,631,24,44,0.62788165807724,2
16,111,1339,1424,46,77,0.631813508272171,2
16,120,432,1028,115,131,0.8519301414489746,4
16,127,265,501,94,73,0.9674334645271301,4
16,136,726,996,38,61,0.6529437720775604,2
16,139,1911,393,46,45,0.6320288002490997,7
16,141,672,992,71,68,0.6351121187210083,2
16,154,1080,491,44,37,0.6764099419116973,10
16,159,1572,1142,49,103,0.6976774752140045,2
16,163,1026,576,24,50,0.8579623818397522,1
16,176,1457,603,45,48,0.6929403662681579,2
16,185,1081,853,36,67,0.6509271383285522,2
16,186,553,810,31,54,0.6564780294895172,1
16,191,1779,349,82,63,0.6511212706565856,5
16,194,2033,291,55,52,0.7190509557723999,8
16,195,1396,1455,45,56,0.6654896855354309,2
17,1,850,727,166,127,0.987723958492279,5
17,3,1819,488,84,78,0.9119287848472595,4
17,4,2036,350,88,59,0.8332483887672424,4
17,5,351,548,132,80,0.9721863985061645,4
17,6,2102,307,75,55,0.8103911280632019,4
17,7,77,1058,119,105,0.912867796421051,8
17,8,1582,437,104,64,0.7788484811782836,4
17,9,360,1299,239,202,0.892707109451294,4
17,10,476,598,137,96,0.8953296661376953,4
17,11,1968,391,81,65,0.8510639071464539,4
17,12,1613,555,69,60,0.8079189777374267,7
17,13,1892,1104,249,137,0.817882776260376,4
17,14,658,678,142,97,0.9513895034790039,4
17,17,1151,880,194,117,0.8704893589019775,4
17,18,2171,270,74,58,0.9910287976264953,4
17,19,2306,859,29,57,0.6343237578868866,1
17,20,1603,1011,211,109,0.8102605938911438,4
17,21,1090,761,171,102,0.9817786931991577,4
17,22,289,405,119,62,0.8923617720603942,4
17,23,132,1419,48,76,0.9028228044509887,2
17,24,1890,437,85,70,0.932893168926239,4
17,25,799,520,96,68,0.7441489219665527,8
17,27,1147,1136,33,74,0.6772474467754364,1
17,28,189,941,75,51,0.8033726334571838,10
17,30,181,887,87,61,0.8016883850097656,10
17,33,2171,966,106,91,0.8493422389030456,7
17,34,559,474,82,66,0.8707299351692199,4
17,36,1680,1244,45,65,0.8286558508872985,2
17,40,2226,229,69,57,0.7927367806434631,4
17,49,2525,37,65,68,0.7458948612213134,6
17,50,963,996,250,171,0.8971897482872009,4
17,51,1700,505,127,126,0.8315274715423584,6
17,53,1272,1432,47,71,0.6918911457061767,2
17,64,2246,1211,38,72,0.7025088787078857,2
17,79,1463,758,31,44,0.7573662519454956,2
17,89,695,1403,39,79,0.9106396555900573,1
17,96,446,659,123,79,0.6375232756137847,1
17,108,422,335,115,55,0.6528453350067138,0
17,114,724,548,41,44,0.735702645778656,2
17,120,431,1028,115,131,0.8238675594329834,4
17,125,1287,758,32,50,0.723188292980194,2
17,127,262,500,97,75,0.9580520510673523,4
17,134,2317,695,53,52,0.6480237960815429,10
17,136,726,996,39,62,0.6758390486240387,2
17,154,1080,492,44,36,0.6696744680404663,10
17,163,1027,576,24,49,0.6253824353218078,2
17,166,496,859,32,61,0.6752267003059387,1
17,185,1082,854,35,64,0.6520782232284545,2
17,186,551,809,31,55,0.6629978239536285,2
17,191,1778,360,68,52,0.6358077049255371,5
17,194,2028,292,58,54,0.6553104639053344,8
17,202,323,747,25,55,0.6412106573581695,2
17,203,463,846,32,69,0.7418994426727294,1
18,1,851,727,164,127,0.9960376739501953,5
18,2,2003,1293,187,170,0.9494521737098693,8
18,3,1819,488,84,78,0.9175796627998352,4
18,4,2036,350,88,59,0.8303246021270752,4
18,5,352,549,131,80,0.9899842262268066,4
18,6,2102,308,75,54,0.8017858266830444,4
18,7,76,1058,119,106,0.9066849470138549,8
18,8,1582,437,103,64,0.7996543765068054,4
18,9,339,1311,240,200,0.919773280620575,4
18,10,478,599,138,97,0.6522343277931213,1
18,11,1968,391,81,65,0.8623751997947693,4
18,12,1613,555,69,60,0.817031455039978,7
18,13,1888,1104,246,134,0.8220370411872864,4
18,14,659,678,142,98,0.9552689909934997,4
18,17,1153,881,194,117,0.8707916736602783,4
18,18,2170,270,74,58,0.9955859303474426,4
18,20,1597,1010,212,110,0.9436267733573913,4
18,21,1097,764,170,101,0.9653530836105346,4
18,22,288,405,120,63,0.892543089389801,4
18,24,1889,437,86,70,0.9306070923805236,4
18,25,797,520,98,69,0.7512199997901916,8
18,27,1145,1135,33,73,0.7170130133628845,1
18,28,188,941,76,50,0.798334789276123,10
18,30,181,888,86,60,0.796967339515686,10
18,33,2165,961,101,89,0.687120509147644,2
18,34,558,474,82,66,0.8988641619682312,4
18,36,1685,1245,45,64,0.8694483160972595,2
18,40,2225,228,69,58,0.7565873384475708,4
18,49,2523,42,62,65,0.7674628019332885,6
18,50,956,997,251,173,0.9195788025856018,4
18,51,1700,505,126,125,0.8526197671890259,6
18,53,1273,1433,46,69,0.6933051764965057,2
18,64,2248,1210,36,68,0.7453867316246032,2
18,68,2503,743,31,54,0.658635538816452,1
18,79,1463,758,31,44,0.7535014867782592,2
18,88,1677,1101,51,71,0.705648910999298,2
18,89,695,1402,38,79,0.9138754725456237,1
18,92,2598,42,46,39,0.6542739689350128,4
18,96,444,659,124,80,0.7179876685142517,7
18,107,1816,634,24,44,0.681021761894226,2
18,108,415,334,122,58,0.6622843265533447,0
18,114,721,546,43,47,0.7270774960517883,2
18,120,431,1028,114,131,0.9912200093269348,4
18,125,1283,755,31,48,0.83237065076828,2
18,127,261,501,97,75,0.965361726284027,4
18,134,2317,695,53,51,0.639095139503479,10
18,136,725,995,39,63,0.6692311584949493,2
18,138,1423,1443,47,58,0.8397134065628051,2
18,141,674,995,67,66,0.6706605970859527,2
18,154,1079,492,45,37,0.6773137271404266,10
18,155,1434,516,20,49,0.7000474452972412,1
18,159,1571,1153,48,101,0.7353029370307922,2
18,163,1028,575,24,50,0.7335350632667541,1
18,165,1174,708,26,61,0.7426169037818908,1
18,166,496,860,31,61,0.6926686584949493,2
18,185,1083,856,34,61,0.6372642338275909,2
18,186,550,809,32,55,0.7243309736251831,2
18,195,1397,1458,43,53,0.6573652446269989,2
18,202,323,746,26,55,0.6495546817779541,2
18,205,961,610,28,42,0.7423352718353271,2
19,1,851,728,165,126,0.9952017784118652,5
19,2,2012,1296,192,176,0.9405527830123901,8
19,3,1819,488,84,78,0.9212255597114563,4
19,4,2035,350,88,59,0.8176508069038391,4
19,5,353,550,131,79,0.8004052639007568,4
19,6,2102,308,74,54,0.8021895885467529,4
19,7,74,1059,119,105,0.9256374359130859,8
19,8,1584,438,102,63,0.7976548194885253,4
19,10,479,600,137,97,0.8957077383995056,4
19,11,1968,391,81,65,0.8643558025360107,4
19,12,1612,555,70,60,0.8253897547721862,7
19,13,1883,1104,247,134,0.8743345737457275,4
19,14,660,679,141,97,0.9506970763206481,4
19,17,1156,883,193,116,0.8636839389801025,4
19,18,2170,271,73,57,0.802829384803772,4
19,20,1592,1009,212,109,0.8250844478607178,4
19,21,1104,766,170,102,0.969916296005249,4
19,22,288,405,120,63,0.8844504475593566,4
19,23,108,1439,48,72,0.919067633152008,2
19,24,1889,437,86,70,0.9331835031509399,4
19,25,797,522,97,68,0.7596713423728942,8
19,28,188,941,75,50,0.7913360714912414,10
19,30,180,887,87,60,0.7896549820899963,10
19,32,2248,547,23,39,0.6627862274646759,2
19,34,557,475,83,66,0.8744029521942138,4
19,40,2224,228,70,59,0.7382719039916992,4
19,49,2521,40,65,68,0.7961996912956237,6
19,50,948,1000,252,174,0.9308502197265625,4
19,51,1700,506,126,124,0.8511312007904053,6
19,53,1273,1433,46,68,0.6890382587909698,2
19,55,1449,1299,49,60,0.7476108789443969,2
19,79,1463,758,31,45,0.7525825023651123,2
19,92,2596,45,45,38,0.7245580077171325,4
19,96,447,661,123,79,0.7254368782043457,7
19,114,718,545,43,47,0.6966734945774078,2
19,120,430,1028,115,131,0.9188327312469482,4
19,127,261,501,98,75,0.99560387134552,4
19,136,724,995,39,63,0.6594550430774688,2
19,138,1424,1442,45,57,0.8266067028045654,2
19,139,1900,399,47,45,0.6435523450374603,7
19,155,1433,518,20,48,0.6482627213001251,1
19,159,1572,1159,46,98,0.7466501712799072,2
19,163,1029,575,23,50,0.713612151145935,1
19,165,1173,709,26,63,0.8212959885597229,1
19,166,496,861,31,61,0.7114465951919555,2
19,185,1085,857,32,59,0.6363534450531005,2
19,193,662,784,38,48,0.7116416215896606,2
19,195,1398,1458,43,53,0.6714632630348205,2
19,199,2356,82,55,45,0.6947789013385772,5
19,202,324,746,25,53,0.6451498687267303,2
20,1,852,728,164,127,0.9964652180671691,5
20,2,2024,1300,196,180,0.9681567072868347,8
20,3,1819,488,84,79,0.927397620677948,4
20,4,2035,351,88,59,0.819516909122467,4
20,5,353,550,133,81,0.803276538848877,4
20,6,2102,308,74,54,0.8000979423522949,4
20,7,74,1060,118,104,0.9150619626045227,8
20,8,1582,438,102,63,0.8078799366950988,4
20,10,481,603,134,93,0.6382827877998352,2
20,11,1967,391,82,66,0.8641267418861389,4
20,12,1612,555,70,61,0.8224908828735351,7
20,13,1877,1103,251,135,0.882969319820404,4
20,14,661,680,141,96,0.9542322278022766,4
20,17,1159,884,193,116,0.8565344214439392,4
20,18,2170,271,73,57,0.8047643303871155,4
20,19,2309,861,29,57,0.6387450218200683,1
20,20,1585,1008,215,111,0.8390047550201416,4
20,21,1110,767,171,103,0.96838219165802,4
20,22,288,405,120,64,0.8764163374900817,4
20,24,1888,438,86,69,0.9391326427459716,4
20,25,797,523,98,69,0.76731379032135,8
20,28,187,941,76,50,0.7897393822669982,10
20,30,180,886,87,61,0.7909874439239502,10
20,33,2150,947,101,89,0.8048070192337036,7
20,34,556,475,84,66,0.8673370599746704,4
20,36,1692,1249,44,64,0.7763531923294067,2
20,40,2224,229,69,58,0.7229400992393493,4
20,49,2520,44,63,65,0.7146741271018981,6
20,50,942,1004,250,173,0.9803976535797119,4
20,51,1700,506,126,124,0.857434868812561,6
20,53,1273,1433,46,68,0.6947692155838012,2
20,55,1454,1304,47,58,0.7771856307983398,2
20,79,1462,758,32,45,0.7553789138793945,2
20,88,1691,1108,54,75,0.6465891420841217,2
20,90,2621,17,45,36,0.699325007200241,4
20,92,2594,47,45,37,0.7513401627540588,4
20,96,448,661,124,80,0.7129640698432922,7
20,120,430,1028,115,132,0.9065219283103942,4
20,124,594,699,68,75,0.7183697938919067,7
20,125,1277,749,31,49,0.7250177383422851,2
20,127,261,502,100,75,0.817485511302948,4
20,136,724,996,38,62,0.648696494102478,2
20,138,1423,1441,46,59,0.8236361861228942,2
20,139,1896,400,49,45,0.6927329719066619,7
20,163,1029,575,24,50,0.7140655636787414,1
20,165,1172,711,26,62,0.8386306285858154,1
20,166,496,862,31,61,0.7021689534187316,2
20,186,548,808,31,54,0.6620742499828338,2
20,202,325,746,24,51,0.6348020255565643,2
20,203,463,845,31,69,0.7235106945037841,1
20,215,1682,1266,90,64,0.676613849401474,2
20,216,356,1079,35,70,0.7110923647880554,1
21,1,852,729,165,127,0.9925930023193359,5
21,2,2034,1305,186,171,0.9743627429008483,8
21,3,1819,488,83,79,0.9270546555519104,4
21,4,2035,351,88,59,0.8067727208137512,4
21,5,354,550,134,82,0.8312639594078064,4
21,6,2102,308,73,54,0.9720090746879577,4
21,7,74,1056,120,105,0.9199907898902893,8
21,8,1581,438,102,64,0.8372530460357666,4
21,10,481,603,135,94,0.696002048254013,1
21,11,1967,390,82,67,0.8809731006622314,4
21,12,1611,555,71,62,0.813783061504364,7
21,13,1871,1101,253,137,0.8681244850158691,4
21,14,662,681,141,96,0.9352929711341857,4
21,15,438,476,89,70,0.9649214267730712,8
21,17,1161,885,192,116,0.8621237277984619,4
21,18,2169,271,74,57,0.9914391160011291,4
21,19,2310,861,30,57,0.6428755044937133,1
21,20,1580,1007,213,110,0.8998908519744873,4
21,21,1116,769,172,103,0.9837114930152893,4
21,22,287,406,120,63,0.8725316047668457,4
21,24,1888,438,86,70,0.9312564253807067,4
21,25,797,523,99,70,0.7860783457756042,8
21,28,187,941,75,50,0.7845959186553955,10
21,30,179,886,88,61,0.7917031168937683,10
21,33,2146,942,96,86,0.758312714099884,7
21,34,556,475,83,66,0.9244811058044433,4
21,36,1695,1252,45,64,0.6814062714576721,2
21,40,2224,230,68,57,0.748511803150177,4
21,41,2042,764,28,43,0.6622734487056732,2
21,49,2518,44,65,67,0.7318716168403625,6
21,50,935,1007,250,174,0.9940788865089416,4
21,51,1700,505,125,125,0.8752712607383728,6
21,53,1273,1433,46,68,0.6818489551544189,2
21,55,1456,1307,47,58,0.7258907079696655,2
21,73,1934,544,25,41,0.6451498687267303,2
21,79,1462,758,32,46,0.7608742237091064,2
21,90,2620,19,44,36,0.7661157965660095,4
21,92,2592,47,46,39,0.6908348023891449,4
21,96,451,662,123,80,0.6540529251098632,7
21,120,430,1029,114,131,0.9089030146598815,4
21,124,595,699,67,76,0.7158703923225402,7
21,127,262,502,99,75,0.8406512141227722,4
21,129,787,492,49,44,0.6428257942199707,10
21,133,2015,677,27,41,0.7139011144638061,2
21,138,1425,1441,45,58,0.8162317991256713,2
21,139,1894,400,49,47,0.716383409500122,7
21,141,673,990,69,71,0.6814921021461486,2
21,142,1930,665,29,46,0.7613511800765991,2
21,143,197,1116,94,123,0.7533939599990844,8
21,153,2277,950,35,60,0.6964545965194702,1
21,154,1079,492,42,37,0.6643136858940124,10
21,159,1573,1174,41,86,0.7249165892601013,2
21,163,1030,575,24,49,0.7039024353027343,1
21,165,1171,713,26,62,0.8833157539367675,1
21,166,497,863,29,58,0.6901504218578338,2
21,181,1141,1445,50,65,0.6798303246498107,2
21,195,1399,1456,45,55,0.6955524504184722,2
21,203,462,845,31,67,0.7134626030921936,1
21,205,934,605,30,46,0.7893734693527221,2
21,216,356,1079,35,70,0.7221548080444335,1
21,220,1685,408,42,48,0.6660699069499969,8
22,1,852,729,166,127,0.996743094921112,5
22,2,2044,1310,175,159,0.9775593996047973,8
22,3,1819,489,83,78,0.9361435294151306,4
22,4,2033,352,89,59,0.8018832921981811,4
22,5,355,550,135,82,0.8327619433403015,4
22,6,2102,308,73,55,0.970191490650177,4
22,7,73,1054,121,107,0.92750324010849,8
22,8,1580,438,103,64,0.8253169775009155,4
22,10,482,603,136,95,0.6678483307361602,1
22,11,1966,390,82,66,0.8824906945228577,4
22,12,1611,555,71,62,0.8198405623435974,7
22,13,1867,1100,254,137,0.8547142744064331,4
22,14,663,681,141,96,0.9240899205207824,4
22,15,433,475,88,69,0.8995467543601989,8
22,17,1164,886,191,115,0.8791224360466003,4
22,18,2169,272,73,56,0.9805932164192199,4
22,19,2310,863,28,53,0.707297933101654,2
22,20,1577,1007,208,107,0.8768149733543396,4
22,21,1122,771,171,103,0.8405492305755615,4
22,22,287,406,119,63,0.8655596494674682,4
22,24,1887,438,87,70,0.9241675853729248,4
22,25,796,524,98,69,0.788016927242279,8
22,28,186,941,76,50,0.7950614213943481,10
22,30,179,886,87,60,0.820015263557434,10
22,31,1545,864,32,48,0.8835010051727294,2
22,33,2138,937,94,83,0.6976080060005188,7
22,34,556,475,82,65,0.874625813961029,4
22,40,2224,230,68,57,0.7045872926712036,4
22,41,2046,762,26,39,0.752749216556549,2
22,43,2168,616,23,39,0.6696990549564361,2
22,49,2515,45,65,67,0.6953735470771789,6
22,50,927,1010,249,174,0.9286567687988281,4
22,51,1700,505,126,125,0.884469211101532,6
22,53,1273,1433,45,68,0.6866077303886413,2
22,55,1459,1309,48,59,0.6573608040809631,2
22,79,1462,758,32,46,0.7625562667846679,2
22,90,2618,20,45,36,0.8032082438468933,4
22,92,2591,47,46,39,0.8152347922325134,4
22,96,452,663,124,79,0.6581572115421295,8
22,105,1463,522,30,40,0.6663441479206085,10
22,114,701,545,41,44,0.6693512022495269,2
22,120,430,1029,114,130,0.8824809908866882,4
22,124,598,706,63,69,0.6881392121315002,7
22,127,263,503,98,73,0.8477331399917603,4
22,129,786,492,50,44,0.6380658864974975,10
22,133,2019,674,28,44,0.6814614951610565,2
22,138,1425,1440,46,58,0.8140483021736145,2
22,139,1890,401,50,47,0.7017198920249939,2
22,141,671,986,73,76,0.6885812103748321,2
22,143,196,1116,95,123,0.7359201431274414,8
22,153,2279,954,35,59,0.7381557345390319,2
22,154,1079,493,41,35,0.6870458245277404,10
22,159,1570,1173,45,95,0.6797124862670898,2
22,163,1031,575,23,49,0.6642885029315948,1
22,165,1169,714,26,63,0.8607184410095214,1
22,166,498,866,27,53,0.725384783744812,2
22,181,1141,1444,50,65,0.6858488142490387,2
22,191,1773,368,58,45,0.6420215487480163,5
22,195,1399,1458,44,53,0.6825542271137237,2
22,199,2354,83,57,45,0.6726647734642028,5
22,203,462,845,29,65,0.6784411489963531,1
22,216,355,1079,35,71,0.7383954644203186,1
22,220,1686,407,41,49,0.7060646533966064,8
23,1,853,729,165,128,0.9975448966026306,5
23,2,2054,1313,174,157,0.9793227434158325,8
23,3,1819,489,82,77,0.9489295601844787,4
23,4,2032,352,89,60,0.8104216575622558,4
23,5,357,551,134,82,0.8092140555381775,4
23,6,2102,309,72,54,0.9761200666427612,4
23,7,71,1052,124,109,0.9429688572883606,8
23,8,1579,439,103,64,0.834648323059082,4
23,10,481,603,139,97,0.8422221660614013,4
23,11,1966,390,82,66,0.8861450552940369,4
23,12,1611,556,71,61,0.8234198212623596,7
23,13,1864,1100,251,135,0.8007375001907349,4
23,14,664,682,141,96,0.9332437634468078,4
23,15,429,474,87,69,0.9031144499778747,8
23,17,1166,886,192,116,0.8854242563247681,4
23,18,2168,272,73,56,0.9715671062469482,4
23,19,2310,863,28,53,0.7055975914001464,2
23,20,1570,1007,208,107,0.8796826720237731,4
23,21,1128,773,170,103,0.8538860082626343,4
23,22,287,407,118,62,0.8758408546447753,4
23,24,1887,438,87,70,0.9208786606788635,4
23,25,796,524,98,69,0.7434642434120178,8
23,27,1136,1128,33,74,0.8949211955070495,1
23,28,185,940,76,50,0.7854988694190979,10
23,30,179,885,87,60,0.8249228715896606,10
23,32,2257,529,22,37,0.6460146725177764,2
23,33,2134,929,92,83,0.8190029978752136,7
23,34,556,476,81,64,0.8021424531936645,8
23,36,1712,1260,45,64,0.756730568408966,2
23,40,2223,230,69,57,0.6849098622798919,4
23,43,2170,611,23,39,0.65642951130867,2
23,49,2512,45,65,69,0.653549176454544,6
23,50,918,1013,251,175,0.8110419034957885,4
23,51,1699,504,127,126,0.8809045553207397,6
23,53,1272,1433,47,69,0.6765861928462982,2
23,79,1461,758,32,46,0.7657445788383483,2
23,90,2617,21,45,36,0.7745413899421691,4
23,92,2589,49,45,38,0.8219404339790344,4
23,96,457,664,124,81,0.7532968044281005,8
23,99,1077,916,48,60,0.6398241937160491,2
23,120,430,1029,114,130,0.8925259232521057,4
23,124,601,708,63,68,0.7079715847969055,7
23,125,1259,744,31,48,0.717084002494812,2
23,127,262,504,99,73,0.8715678453445435,4
23,129,787,493,48,43,0.6358684420585632,10
23,131,1346,780,35,52,0.6897011518478393,2
23,133,2021,672,29,44,0.665293675661087,2
23,139,1887,403,50,46,0.7050053596496582,2
23,141,670,987,74,75,0.7095198154449462,2
23,153,2281,957,35,58,0.6778685569763183,2
23,154,1079,493,41,35,0.7070361495018005,10
23,165,1168,715,25,62,0.8276147365570068,1
23,166,499,867,26,52,0.7479995012283325,2
23,191,1772,369,57,45,0.662498515844345,5
23,195,1399,1458,45,53,0.6741078615188598,2
23,199,2354,84,56,44,0.6870521426200866,5
23,203,461,845,30,65,0.6665611088275909,1
23,216,355,1079,35,71,0.7669566988945007,1
23,220,1686,407,42,49,0.6753907024860382,8
23,225,2096,1201,44,70,0.8867822408676147,2
24,1,853,730,165,127,0.9994599342346191,5
24,2,2065,1317,169,152,0.8210397362709045,8
24,3,1818,490,82,76,0.9631030678749084,4
24,4,2032,353,88,59,0.821554434299469,4
24,5,359,552,133,81,0.8194177150726318,4
24,6,2102,309,72,54,0.968892228603363,4
24,7,71,1053,123,108,0.9300484180450439,8
24,8,1578,439,103,64,0.8632237434387207,4
24,10,483,604,138,97,0.8931335926055908,4
24,11,1966,390,81,66,0.8933683037757874,4
24,12,1611,556,71,61,0.8103033423423767,7
24,13,1858,1098,250,134,0.9848708629608154,4
24,14,665,682,141,96,0.93421311378479,4
24,15,426,473,86,69,0.8806390881538391,8
24,17,1168,887,191,115,0.8984688520431519,4
24,18,2167,272,74,56,0.9867656350135803,4
24,19,2310,864,29,55,0.6922979772090911,1
24,20,1563,1006,209,107,0.8044983267784118,4
24,21,1134,774,172,104,0.8651354908943176,4
24,22,287,407,117,62,0.8697980165481567,4
24,24,1886,438,88,70,0.9213190197944641,4
24,25,796,524,98,69,0.745844554901123,8
24,27,1134,1127,33,74,0.8893550753593444,1
24,28,184,940,77,50,0.7955281853675842,10
24,30,178,885,87,60,0.8083478331565856,10
24,33,2127,921,91,82,0.7440417528152465,7
24,34,556,476,80,63,0.7872137546539306,8
24,35,1346,524,21,47,0.6366503655910491,1
24,36,1717,1262,44,64,0.8690369844436645,2
24,40,2223,231,68,56,0.7276829600334167,4
24,41,2051,757,26,39,0.7452741980552673,2
24,50,910,1015,251,177,0.899232280254364,4
24,51,1699,504,126,126,0.8708213567733765,6
24,53,1272,1433,47,69,0.675292831659317,2
24,55,1480,1322,47,58,0.7280860662460327,2
24,73,1932,545,26,41,0.6952473938465118,2
24,79,1461,758,32,46,0.76178480386734,2
24,89,686,1393,42,92,0.7697571039199829,1
24,90,2614,20,48,40,0.7337023735046386,4
24,92,2587,50,45,38,0.8232780814170837,4
24,96,457,665,125,81,0.6878090322017669,8
24,105,1462,522,31,39,0.6623005986213684,10
24,108,412,338,129,59,0.6489347040653228,0
24,120,429,1029,114,130,0.902920377254486,4
24,124,601,704,68,73,0.6834879636764526,7
24,127,261,504,100,74,0.8640410304069519,4
24,129,787,493,48,42,0.6346359074115753,10
24,131,1342,779,34,51,0.7543734431266784,2
24,134,2315,695,53,51,0.6291156828403472,10
24,139,1885,405,49,46,0.6733425378799438,7
24,141,672,990,70,71,0.7072290897369384,2
24,154,1079,493,40,35,0.7040589570999145,10
24,159,1571,1184,40,84,0.6592532515525817,2
24,165,1165,716,25,60,0.7429826378822326,1
24,166,499,868,26,51,0.7512022972106933,2
24,181,1144,1442,53,68,0.6720238149166107,2
24,191,1771,369,57,45,0.6376151263713836,5
24,199,2354,85,54,43,0.6730885028839111,5
24,205,905,604,30,45,0.7766024589538574,2
24,216,354,1079,35,71,0.7777512788772583,1
24,220,1685,407,43,50,0.6388570189476013,8
24,230,1375,716,45,40,0.6437912702560424,10
25,1,854,731,164,126,0.8016520738601685,5
25,2,2072,1320,172,156,0.9689138650894165,8
25,3,1818,490,81,76,0.97341228723526,4
25,4,2032,353,87,59,0.8207606792449951,4
25,5,361,553,131,81,0.814812958240509,4
